hours vending per week,vendor gender,apples_sold
32.09994544462687male,,132
33.62666525047974,male,294
3.697877924834372,male,Not available
15.916962849754164,male,221
2.1784158116656993,,femaleNot available
34.89930820309072,female,269
6.61847523038372,female,228
22.954496883383754,female,Not available
12.422171113124891,female,116
31.616392104231707,male,122000000000000000
